{
  "duration": 33.619998931884766,
  "language": "english",
  "text": "The birch canoe slid on the smooth planks. Glued the sheet to the dark blue background. It is easy to tell the depth of a well. These days a chicken leg is a rare dish. Rice is often served in round bowls. The juice of lemons makes fine punch. The box was thrown beside the park truck. The hogs were fed chopped corn and garbage. Four hours of steady work faced us. A large size in stockings is hard to sell.",
  "segments": [
    {
      "id": 0,
      "avg_logprob": -0.2275509089231491,
      "compression_ratio": 1.5592416524887085,
      "end": 3.0999999046325684,
      "no_speech_prob": 0.026991216465830803,
      "seek": 0,
      "start": 0.0,
      "temperature": 0.0,
      "text": " The birch canoe slid on the smooth planks.",
      "tokens": [
        50364,
        440,
        1904,
        339,
        1335,
        1771,
        68,
        1061,
        327,
        322,
        264,
        5508,
        499,
        14592,
        13,
        50564
      ]
    },
    {
      "id": 1,
      "avg_logprob": -0.2275509089231491,
      "compression_ratio": 1.5592416524887085,
      "end": 6.260000228881836,
      "no_speech_prob": 0.026991216465830803,
      "seek": 0,
      "start": 4.420000076293945,
      "temperature": 0.0,
      "text": " Glued the sheet to the dark blue background.",
      "tokens": [
        50564,
        460,
        2781,
        292,
        264,
        8193,
        281,
        264,
        2877,
        3344,
        3678,
        13,
        50714
      ]
    },
    {
      "id": 2,
      "avg_logprob": -0.2275509089231491,
      "compression_ratio": 1.5592416524887085,
      "end": 9.619999885559082,
      "no_speech_prob": 0.026991216465830803,
      "seek": 0,
      "start": 7.380000114440918,
      "temperature": 0.0,
      "text": " It is easy to tell the depth of a well.",
      "tokens": [
        50714,
        467,
        307,
        1858,
        281,
        980,
        264,
        7161,
        295,
        257,
        731,
        13,
        50864
      ]
    },
    {
      "id": 3,
      "avg_logprob": -0.2275509089231491,
      "compression_ratio": 1.5592416524887085,
      "end": 12.979999542236328,
      "no_speech_prob": 0.026991216465830803,
      "seek": 0,
      "start": 10.9399995803833,
      "temperature": 0.0,
      "text": " These days a chicken leg is a rare dish.",
      "tokens": [
        50864,
        1981,
        1708,
        257,
        4662,
        1676,
        307,
        257,
        5892,
        5025,
        13,
        51064
      ]
    },
    {
      "id": 4,
      "avg_logprob": -0.2275509089231491,
      "compression_ratio": 1.5592416524887085,
      "end": 16.139999389648438,
      "no_speech_prob": 0.026991216465830803,
      "seek": 0,
      "start": 14.5,
      "temperature": 0.0,
      "text": " Rice is often served in round bowls.",
      "tokens": [
        51064,
        19386,
        307,
        2049,
        7584,
        294,
        3098,
        28513,
        13,
        51214
      ]
    },
    {
      "id": 5,
      "avg_logprob": -0.2275509089231491,
      "compression_ratio": 1.5592416524887085,
      "end": 19.34000015258789,
      "no_speech_prob": 0.026991216465830803,
      "seek": 0,
      "start": 17.360000610351562,
      "temperature": 0.0,
      "text": " The juice of lemons makes fine punch.",
      "tokens": [
        51214,
        440,
        8544,
        295,
        47098,
        1669,
        2489,
        8135,
        13,
        51364
      ]
    },
    {
      "id": 6,
      "avg_logprob": -0.2275509089231491,
      "compression_ratio": 1.5592416524887085,
      "end": 22.399999618530273,
      "no_speech_prob": 0.026991216465830803,
      "seek": 0,
      "start": 20.280000686645508,
      "temperature": 0.0,
      "text": " The box was thrown beside the park truck.",
      "tokens": [
        51364,
        440,
        2424,
        390,
        11732,
        15726,
        264,
        3884,
        5898,
        13,
        51514
      ]
    },
    {
      "id": 7,
      "avg_logprob": -0.2275509089231491,
      "compression_ratio": 1.5592416524887085,
      "end": 25.799999237060547,
      "no_speech_prob": 0.026991216465830803,
      "seek": 0,
      "start": 23.68000030517578,
      "temperature": 0.0,
      "text": " The hogs were fed chopped corn and garbage.",
      "tokens": [
        51514,
        440,
        24855,
        82,
        645,
        4636,
        16497,
        9046,
        293,
        14150,
        13,
        51714
      ]
    },
    {
      "id": 8,
      "avg_logprob": -0.2135949730873108,
      "compression_ratio": 1.0263158082962036,
      "end": 28.799999237060547,
      "no_speech_prob": 0.0310705304145813,
      "seek": 2580,
      "start": 26.780000686645508,
      "temperature": 0.0,
      "text": " Four hours of steady work faced us.",
      "tokens": [
        50364,
        7451,
        2496,
        295,
        13211,
        589,
        11446,
        505,
        13,
        50514
      ]
    },
    {
      "id": 9,
      "avg_logprob": -0.2135949730873108,
      "compression_ratio": 1.0263158082962036,
      "end": 32.15999984741211,
      "no_speech_prob": 0.0310705304145813,
      "seek": 2580,
      "start": 30.079999923706055,
      "temperature": 0.0,
      "text": " A large size in stockings is hard to sell.",
      "tokens": [
        50514,
        316,
        2416,
        2744,
        294,
        4127,
        1109,
        307,
        1152,
        281,
        3607,
        13,
        50714
      ]
    }
  ],
  "words": [
    {
      "end": 0.7400000095367432,
      "start": 0.0,
      "word": "The"
    },
    {
      "end": 1.100000023841858,
      "start": 0.7400000095367432,
      "word": "birch"
    },
    {
      "end": 1.5800000429153442,
      "start": 1.100000023841858,
      "word": "canoe"
    },
    {
      "end": 1.8799999952316284,
      "start": 1.5800000429153442,
      "word": "slid"
    },
    {
      "end": 2.119999885559082,
      "start": 1.8799999952316284,
      "word": "on"
    },
    {
      "end": 2.319999933242798,
      "start": 2.119999885559082,
      "word": "the"
    },
    {
      "end": 2.640000104904175,
      "start": 2.319999933242798,
      "word": "smooth"
    },
    {
      "end": 3.0999999046325684,
      "start": 2.640000104904175,
      "word": "planks"
    },
    {
      "end": 4.619999885559082,
      "start": 4.420000076293945,
      "word": "Glued"
    },
    {
      "end": 4.860000133514404,
      "start": 4.619999885559082,
      "word": "the"
    },
    {
      "end": 5.0,
      "start": 4.860000133514404,
      "word": "sheet"
    },
    {
      "end": 5.159999847412109,
      "start": 5.0,
      "word": "to"
    },
    {
      "end": 5.360000133514404,
      "start": 5.159999847412109,
      "word": "the"
    },
    {
      "end": 5.579999923706055,
      "start": 5.360000133514404,
      "word": "dark"
    },
    {
      "end": 5.840000152587891,
      "start": 5.579999923706055,
      "word": "blue"
    },
    {
      "end": 6.260000228881836,
      "start": 5.840000152587891,
      "word": "background"
    },
    {
      "end": 7.940000057220459,
      "start": 7.380000114440918,
      "word": "It"
    },
    {
      "end": 8.15999984741211,
      "start": 7.940000057220459,
      "word": "is"
    },
    {
      "end": 8.319999694824219,
      "start": 8.15999984741211,
      "word": "easy"
    },
    {
      "end": 8.680000305175781,
      "start": 8.319999694824219,
      "word": "to"
    },
    {
      "end": 8.680000305175781,
      "start": 8.680000305175781,
      "word": "tell"
    },
    {
      "end": 9.079999923706055,
      "start": 8.680000305175781,
      "word": "the"
    },
    {
      "end": 9.119999885559082,
      "start": 9.079999923706055,